{"Audio Settings":[{"ComponentID":169,"ComponentKey":"047C164291A9","Settings":[{"ID":1,"Name":"AMD Audio Noise Suppression","State":0,"Value":""},{"ID":2,"Name":"Input Device","Value":""},{"ID":3,"Name":"Output Device","Value":""},{"ID":4,"Name":"Processor Selection","Value":0}]}],"CPU Overclock Settings":[{"ComponentID":151,"ComponentKey":"047C164291A9","Settings":[{"ID":0,"Name":"Overclock Settings","State":0,"Value":""}]}],"Display":[{"ComponentID":152,"ComponentKey":"221429188","Settings":[{"ID":14,"Name":"Display Color Enhancement","SubSettings":[{"Name":"Toggle","Value":"0"},{"Name":"ContrastValue","Value":"5"}],"Value":""},{"ID":15,"Name":"Color Deficiency Correction","Value":0},{"ID":16,"Name":"Protanopia","Value":10},{"ID":18,"Name":"Tritanopia","Value":0},{"ID":17,"Name":"Deuteranopia","Value":0}]},{"ComponentID":152,"ComponentKey":"2360427934","Settings":[{"ID":14,"Name":"Display Color Enhancement","SubSettings":[{"Name":"Toggle","Value":"0"},{"Name":"ContrastValue","Value":"5"}],"Value":""},{"ID":15,"Name":"Color Deficiency Correction","Value":0},{"ID":16,"Name":"Protanopia","Value":10},{"ID":18,"Name":"Tritanopia","Value":0},{"ID":17,"Name":"Deuteranopia","Value":0}]},{"ComponentID":44,"ComponentKey":"221429188","Settings":[]},{"ComponentID":44,"ComponentKey":"2360427934","Settings":[]},{"ComponentID":31,"ComponentKey":"221429188","Settings":[{"Name":"Virtual Super Resolution","Value":0}]},{"ComponentID":31,"ComponentKey":"2360427934","Settings":[{"Name":"Virtual Super Resolution","Value":0}]},{"ComponentID":33,"ComponentKey":"221429188","Settings":[{"ID":10,"Name":"AMD FreeSync","Value":0}]},{"ComponentID":35,"ComponentKey":"221429188","Settings":[{"ID":9,"Name":"GPU Scaling","Value":0},{"ID":11,"Name":"Scaling Mode","Value":1}]},{"ComponentID":35,"ComponentKey":"2360427934","Settings":[{"ID":9,"Name":"GPU Scaling","Value":0},{"ID":11,"Name":"Scaling Mode","Value":1}]},{"ComponentID":49,"ComponentKey":"2360427934","Settings":[{"ID":6,"Name":"Adjust PreEmphasis","Value":0},{"ID":7,"Name":"Adjust Voltage Swing","Value":0}]},{"ComponentID":46,"ComponentKey":"221429188","Settings":[{"ID":4,"Name":"HDMI Scaling","Value":0},{"ID":1,"Name":"Pixel Format","Value":"YCbCr 4:4:4 Pixel Format"},{"ID":0,"Name":"Color Depth","Value":"10 bpc"}]},{"ComponentID":46,"ComponentKey":"2360427934","Settings":[{"ID":1,"Name":"Pixel Format","Value":"RGB 4:4:4 Pixel Format PC Standard (Full RGB)"},{"ID":0,"Name":"Color Depth","Value":"10 bpc"}]},{"ComponentID":69,"ComponentKey":"221429188","Settings":[{"ID":8,"Name":"HDCP Support","Value":1}]},{"ComponentID":69,"ComponentKey":"2360427934","Settings":[{"ID":8,"Name":"HDCP Support","Value":1}]},{"ComponentID":60,"ComponentKey":"221429188","Settings":[{"ID":0,"Name":"Hue","Value":0},{"ID":1,"Name":"Saturation","Value":100},{"ID":2,"Name":"Brightness","Value":0},{"ID":3,"Name":"Contrast","Value":100},{"ID":4,"Name":"Color Temperature","State":1,"Value":6500}]},{"ComponentID":60,"ComponentKey":"2360427934","Settings":[{"ID":0,"Name":"Hue","Value":0},{"ID":1,"Name":"Saturation","Value":100},{"ID":2,"Name":"Brightness","Value":0},{"ID":3,"Name":"Contrast","Value":100},{"ID":4,"Name":"Color Temperature","State":1,"Value":6500}]},{"ComponentID":135,"ComponentKey":"221429188","Settings":[{"Name":"Radeon IntegerScaling","Value":0}]},{"ComponentID":135,"ComponentKey":"2360427934","Settings":[{"Name":"Radeon IntegerScaling","Value":0}]}],"Driver Settings":[{"ComponentID":40,"ComponentKey":"047C164291A9","Settings":[{"ID":0,"Name":"Preferred Software Version","Value":0},{"ID":1,"Name":"Check For Updates","State":0,"Value":""},{"ID":2,"Name":"Download Drivers & Software","State":0,"Value":""}]}],"Global Settings":[{"ComponentID":145,"ComponentKey":"73A5C00E3A1002C0020.001.000.071","Settings":[{"Name":"TenBit Pixel Format","State":0,"Value":""}]},{"ComponentID":4,"ComponentKey":"047C164291A9","Settings":[]},{"ComponentID":7,"ComponentKey":"73A5C00E3A1002C0020.001.000.071","Settings":[{"Name":"MLF","Value":"0"},{"Name":"ShaderCache","Value":"1"},{"Name":"ASE","Value":"0"},{"Name":"Tessellation_OPTION","Value":"2"},{"Name":"EnableTripleBuffering","Value":"0"},{"Name":"AnisoType","Value":"0"},{"Name":"VSyncControl","Value":"0"},{"Name":"AntiAlias","Value":"1"},{"Name":"SurfaceFormatReplacements","Value":"0"},{"Name":"AnisoDegree","Value":"0"},{"Name":"Tessellation","Value":"1"},{"Name":"EQAA","Value":"0"},{"Name":"AntiAliasSamples","Value":"0"},{"Name":"MVPU","Value":""},{"Name":"GameMode","Value":""},{"Name":"TFQ","Value":"2"},{"Name":"TurboSync","Value":"0"},{"Name":"ASTT","Value":"0"},{"Name":"ASD","Value":"-1"},{"ID":0,"Name":"Radeon™ Anti-Lag","State":0,"Value":0},{"ID":1,"Name":"Radeon™ Chill","SubSettings":[{"Name":"Toggle","Value":"0"},{"Name":"Min FPS","Value":"75"},{"Name":"Max FPS","Value":"140"}],"Value":""},{"ID":2,"Name":"Radeon™ Boost","State":0,"Value":50},{"ID":3,"Name":"Radeon™ Image Sharpening","State":0,"Value":80},{"ID":7,"Name":"Frame rate target control","State":0,"Value":60},{"ID":8,"Name":"Radeon™ Super Resolution","State":0,"Value":75},{"ID":15,"Name":"AMD Fluid Motion Frames","State":0,"SubSettings":[{"Name":"Search Mode","Value":"0"},{"Name":"Performance Mode","Value":"0"}],"Value":""}]}],"Global Wattman":[{"ComponentID":5,"ComponentKey":"73A5C00E3A1002C0020.001.000.071","Settings":[{"ID":26,"Name":"GFXCLK_QUADRATIC_CURVE","State":0,"SubSettings":[{"Name":"0","Value":"0"},{"Name":"1","Value":"0"},{"Name":"2","Value":"0"},{"Name":"3","Value":"500"},{"Name":"4","Value":"2694"},{"Name":"5","Value":"0"},{"Name":"6","Value":"0"},{"Name":"7","Value":"0"},{"Name":"8","Value":"0"}],"Value":""},{"ID":12,"Name":"VOLTAGE_GPUCLOCK_ABS","State":0,"SubSettings":[{"Name":"0","Value":"1200"}],"Value":""},{"ID":5,"Name":"MEMORY_CLOCK_ABS","State":0,"SubSettings":[{"Name":"0","Value":"2248"},{"Name":"1","Value":"0"}],"Value":""},{"ID":23,"Name":"GPU_HOTSPOT_TEMPERATURE_ABS","State":0,"SubSettings":[{"Name":"0","Value":"0"}],"Value":""},{"ID":25,"Name":"ASIC_POWER_ABS","State":0,"SubSettings":[{"Name":"0","Value":"0"}],"Value":""},{"ID":8,"Name":"GPU_TEMPERATURE_ABS","State":0,"SubSettings":[{"Name":"0","Value":"-1"},{"Name":"1","Value":"-1"}],"Value":""},{"ID":3,"Name":"POWER_CONTROL_PERCENTAGE","State":0,"SubSettings":[{"Name":"0","Value":"0"},{"Name":"1","Value":"0"}],"Value":""},{"ID":17,"Name":"MEMORY_TIMING","State":0,"SubSettings":[{"Name":"0","Value":"0"}],"Value":""},{"ID":18,"Name":"ZERO_RPM","State":0,"SubSettings":[{"Name":"0","Value":"0"},{"Name":"1","Value":"55"}],"Value":""},{"ID":19,"Name":"FAN_AUTO_UV_ENGINE","State":0,"SubSettings":[{"Name":"0","Value":"0"}],"Value":""},{"ID":20,"Name":"AUTO_OC_ENGINE","State":0,"SubSettings":[{"Name":"0","Value":"0"}],"Value":""},{"ID":21,"Name":"AUTO_OC_MEMORY","State":0,"SubSettings":[{"Name":"0","Value":"0"}],"Value":""},{"ID":27,"Name":"OPTIMIZED_POWER_MODE","State":0,"SubSettings":[{"Name":"0","Value":"3"}],"Value":""},{"ID":22,"Name":"FAN_CURVE","State":1,"SubSettings":[{"Name":"0","Value":"25"},{"Name":"1","Value":"41"},{"Name":"2","Value":"43"},{"Name":"3","Value":"49"},{"Name":"4","Value":"55"},{"Name":"5","Value":"68"},{"Name":"6","Value":"78"},{"Name":"7","Value":"79"},{"Name":"8","Value":"90"},{"Name":"9","Value":"100"},{"Name":"10","Value":"0"}],"Value":""}]}],"Hotkey Settings":[{"ComponentID":93,"ComponentKey":"047C164291A9","Settings":[{"ID":9999,"Name":"Use Hotkeys","State":0,"Value":""},{"ID":10000,"Name":"Use Display Hotkeys","State":0,"Value":""},{"ID":0,"Name":"Toggle Streaming","Value":"Ctrl+Shift,G"},{"ID":1,"Name":"Toggle Region Streaming","Value":"NONE"},{"ID":2,"Name":"Open Sidebar","Value":"Alt,Z"},{"ID":3,"Name":"Toggle Recording","Value":"Ctrl+Shift,E"},{"ID":4,"Name":"Save Instant Replay","Value":"Ctrl+Shift,S"},{"ID":5,"Name":"Take Screenshot","Value":"Ctrl+Shift,I"},{"ID":6,"Name":"Toggle Microphone","Value":"Ctrl+Shift,M"},{"ID":7,"Name":"Toggle Camera","Value":"Ctrl+Shift,C"},{"ID":8,"Name":"Toggle Region Recording","Value":"NONE"},{"ID":9,"Name":"Save Instant GIF","Value":"Ctrl+Shift,J"},{"ID":10,"Name":"Save In-Game Replay","Value":"Ctrl+Shift,U"},{"ID":11,"Name":"Push To Talk","Value":"MOUSE_MIDDLE"},{"ID":12,"Name":"Open Fullscreen","Value":"Alt,R"},{"ID":13,"Name":"Toggle Performance Logging","Value":"Ctrl+Shift,L"},{"ID":14,"Name":"Toggle Performance Overlay","Value":"Ctrl+Shift,O"},{"ID":15,"Name":"Toggle Radeon™ Anti-Lag","Value":"Alt,L"},{"ID":16,"Name":"Toggle Radeon™ Boost","Value":"Alt,K"},{"ID":17,"Name":"Toggle Radeon™ Anti-Lag/Boost Indicator","Value":"Shift+Alt,L"},{"ID":18,"Name":"Toggle Radeon™ Chill","Value":"Alt,VK_F11"},{"ID":19,"Name":"Toggle Radeon™ Super Resolution","Value":"Alt,U"},{"ID":20,"Name":"Toggle AMD Fluid Motion Frames 2","Value":"Alt+Shift,G"},{"ID":21,"Name":"Switch Default","Value":"NONE"},{"ID":32,"Name":"Rotate Display 0 Degrees","Value":"Ctrl+Alt,VK_UP"},{"ID":33,"Name":"Rotate Display Counter-Clockwise 90 Degrees","Value":"Ctrl+Alt,VK_LEFT"},{"ID":34,"Name":"Rotate Display 180 Degrees","Value":"Ctrl+Alt,VK_DOWN"},{"ID":35,"Name":"Rotate Display Clockwise 90 Degrees","Value":"Ctrl+Alt,VK_RIGHT"},{"ID":36,"Name":"Toggle Performance Overlay Profile","Value":"Ctrl+Shift,X"}]}],"Intelligence Settings":[{"ComponentID":190,"ComponentKey":"047C164291A9","Settings":[{"ID":0,"Name":"AMD Assistant","Value":0}]}],"Performance Settings":[{"ComponentID":90,"ComponentKey":"047C164291A9","Settings":[{"ID":3,"Name":"Performance Logging Location","Value":"C:\\Users\\k\\AppData\\Local\\AMD\\CN"},{"ID":57,"Name":"FPS/Latency Sampling Interval","Value":25},{"ID":58,"Name":"Hardware Sampling Interval","Value":100},{"ID":52,"Name":"Graphing Duration","Value":30},{"ID":8,"Name":"FPS","Value":681},{"ID":39,"Name":"Frame Time","Value":680},{"ID":53,"Name":"Average Frame Time","Value":681},{"ID":42,"Name":"Frame Generation Lag","Value":681},{"ID":46,"Name":"Render API","Value":680},{"ID":18,"Name":"CPU UTIL","Value":681},{"ID":19,"Name":"SYSTEM MEMORY UTIL","Value":680},{"ID":31,"Name":"CPU FREQUENCY","Value":680},{"ID":32,"Name":"CPU VOLTAGE","Value":681},{"ID":33,"Name":"CPU TEMPERATURE","Value":681},{"ID":34,"Name":"CPU POWER","Value":681},{"ID":35,"Name":"CPU EDC","Value":680},{"ID":36,"Name":"CPU TDC","Value":680},{"ID":5,"Name":"Hide Metrics Overlay During Logging","Value":1},{"ID":6,"Name":"Show In Video/Stream Output","Value":0},{"ID":20,"Name":"Enable Metrics Overlay","Value":0},{"ID":56,"Name":"Game Detection for Metrics Overlay","Value":0},{"ID":21,"Name":"Location","Value":1},{"ID":23,"Name":"Position","Value":"40,40"},{"ID":30,"Name":"TransparencyWA","Value":1},{"ID":22,"Name":"Transparency","Value":30},{"ID":25,"Name":"Size","Value":100},{"ID":55,"Name":"Graph/Gauge Size","Value":100},{"ID":26,"Name":"Columns","Value":1},{"ID":27,"Name":"Metrics Name Color","Value":0},{"ID":28,"Name":"Custom Name Color","Value":"#F8FFFF"},{"ID":48,"Name":"Metrics Value Color","Value":0},{"ID":49,"Name":"Custom Value Color","Value":"#F8FFFF"},{"ID":50,"Name":"Metrics Background Color","Value":0},{"ID":51,"Name":"Custom Background Color","Value":"#000000"},{"ID":29,"Name":"Show Graphs Meters","Value":0},{"ID":47,"Name":"Metrics Profile","Value":1}]},{"ComponentID":90,"ComponentKey":"73A5C00E3A1002C0020.001.000.071","Settings":[{"ID":9,"Name":"GPU UTIL","Value":681},{"ID":10,"Name":"GPU SCLK","Value":681},{"ID":11,"Name":"GPU MCLK","Value":681},{"ID":12,"Name":"GPU TEMP","Value":681},{"ID":13,"Name":"GPU HOTSPOT TEMP","Value":680},{"ID":15,"Name":"GPU PWR","Value":681},{"ID":16,"Name":"GPU FAN","Value":681},{"ID":17,"Name":"GPU Memory","Value":680},{"ID":44,"Name":"GPU Voltage","Value":681}]}],"Preferences Settings":[{"ComponentID":57,"ComponentKey":"047C164291A9","Settings":[{"ID":2,"Name":"System Tray Menu","State":0,"Value":""},{"ID":0,"Name":"In-Game Overlay","State":0,"Value":""},{"ID":4,"Name":"Advertisements","State":0,"Value":""},{"ID":8,"Name":"Toast Notifications","State":0,"Value":""},{"ID":6,"Name":"Always On Top","State":0,"Value":""},{"ID":5,"Name":"Language","State":0,"Value":""},{"ID":7,"Name":"Sidebar Position","State":0,"Value":""},{"ID":11,"Name":"Web Browser","State":0,"Value":""},{"ID":10,"Name":"Animation & Effects","State":0,"Value":""},{"ID":13,"Name":"Feature Help and Tutorials","State":0,"Value":""}]}],"ReLive Settings":[{"ComponentID":59,"ComponentKey":"047C164291A9","Settings":[]},{"ComponentID":47,"ComponentKey":"047C164291A9","Settings":[{"ID":0,"Name":"ReLive Toggle","State":1,"Value":""},{"ID":1,"Name":"Media save location","Value":"C:\\Users\\k\\Videos\\Radeon ReLive"},{"ID":5,"Name":"Instant GIF","State":0,"Value":""},{"ID":6,"Name":"Instant GIF Duration","Value":15},{"ID":7,"Name":"Instant GIF Quality","Value":"Medium"},{"ID":8,"Name":"In-Game Replay","State":0,"Value":""},{"ID":9,"Name":"In-Game Replay Duration","Value":15},{"ID":13,"Name":"In-Game Replay Location","Value":"40,40"},{"ID":12,"Name":"In-Game Replay Position","Value":"Centered"},{"ID":11,"Name":"In-Game Replay Dimensions","Value":"1280,720"},{"ID":10,"Name":"In-Game Replay Size","Value":"Medium"},{"ID":2,"Name":"Instant Replay","State":0,"Value":""},{"ID":3,"Name":"Instant Replay Duration","Value":60},{"ID":4,"Name":"Instant Replay Buffer","State":0,"Value":""},{"ID":14,"Name":"Streaming Profile","Value":"High"},{"ID":15,"Name":"Streaming Resolution","Value":"720"},{"ID":16,"Name":"Video Bit Rate","Value":3500},{"ID":17,"Name":"Streaming FPS","Value":60},{"ID":18,"Name":"Audio Bit Rate","Value":128},{"ID":19,"Name":"Archive Stream","State":0,"Value":""},{"ID":38,"Name":"Target Desktop","Value":""},{"ID":34,"Name":"Streaming Enhanced Filtering","State":0,"Value":""},{"ID":20,"Name":"Record Desktop","State":0,"Value":""},{"ID":21,"Name":"Show Indicator","State":0,"Value":""},{"ID":22,"Name":"Borderless Region Capture","State":0,"Value":""},{"ID":23,"Name":"Record Camera","State":0,"Value":""},{"ID":24,"Name":"Record Microphone","State":0,"Value":""},{"ID":25,"Name":"Microphone Level","Value":50},{"ID":26,"Name":"Push To Talk","State":0,"Value":""},{"ID":27,"Name":"Audio Boost","Value":100},{"ID":28,"Name":"Recording Profile","Value":"High"},{"ID":29,"Name":"Recording Resolution","Value":"InGame"},{"ID":30,"Name":"Recording Video Bit Rate","Value":30000},{"ID":31,"Name":"Recording FPS","Value":60},{"ID":32,"Name":"Recording Audio Bit Rate","Value":192},{"ID":35,"Name":"Video Encoding Type","Value":"AVC"},{"ID":36,"Name":"Audio Channels","Value":0},{"ID":37,"Name":"Separate Microphone Track","State":0,"Value":""},{"ID":33,"Name":"Recording Enhanced Filtering","State":0,"Value":""}]}],"Scene Settings":[{"ComponentID":138,"ComponentKey":"047C164291A9","Priority":0,"Settings":[{"ID":0,"Name":"SceneName","Value":"Scene 1"},{"ID":1,"Name":"SceneRect","Value":"1.0,1.0"},{"ID":2,"Name":"Indicator","SubSettings":[{"Name":"IndicatorPosition","Value":"0"},{"Name":"IndicatorTimer","Value":"1"}],"Value":""},{"ID":3,"Name":"Camera","SubSettings":[{"Name":"CameraEnable","Value":"1"},{"Name":"CameraSize","Value":"3"},{"Name":"CameraChromaEnable","Value":"0"},{"Name":"CameraChromaStrength","Value":"0"},{"Name":"CameraChromaKeyColor","Value":"00FF00"},{"Name":"CameraOpacity","Value":"100"},{"Name":"CameraOnScreen","Value":"1"},{"Name":"CameraRect","Value":"0.1667,0.2222"},{"Name":"CameraPosition","Value":"0.0208,0.0370"},{"Name":"CameraAnchor","Value":"3"},{"Name":"CameraChromaColor","Value":"3"}],"Value":""},{"ID":4,"Name":"Chat Overlay","SubSettings":[{"Name":"ChatEnabled","Value":"0"},{"Name":"ChatSize","Value":"0.1562,0.1562"},{"Name":"ChatPosition","Value":"0.0260,0.0462"},{"Name":"ChatFont","Value":"1"}],"Value":""}]}],"System Settings":[{"ComponentID":15,"ComponentKey":"047C164291A9","Settings":[{"ID":0,"Name":"Issue Detection","State":0,"Value":""}]}],"SystemDetails":{"CNVerson":"24.20.33.01","DisplayIDs":[{"Index":0,"Key":"2360427934"},{"Index":12,"Key":"221429188"}],"DynamicPowerSlider":"FALSE","GPUIDs":[{"AutoDefault":0,"Index":11520,"Key":"73A5C00E3A1002C0020.001.000.071","OD8AdvancedControl":2,"ODNComponentControl":0}],"GUID":"047C164291A9","View":"FALSE"},"Video Settings":[{"ComponentID":6,"ComponentKey":"73A5C00E3A1002C0020.001.000.071","Settings":[{"ID":4,"Name":"Custom Brightness","Value":0},{"ID":0,"Name":"Enable Video Profile","State":0,"Value":""},{"ID":1,"Name":"Video Profile","Value":0}]}],"Wizard Profile Settings":[{"ComponentID":142,"ComponentKey":"047C164291A9","Settings":[{"ID":142,"Name":"Experience View State","Value":1}]},{"ComponentID":143,"ComponentKey":"047C164291A9","Settings":[{"ID":0,"Name":"Wizard Profile","Value":4},{"ID":1,"Name":"Wizard Shown","Value":1},{"ID":2,"Name":"Wizard Last Page","Value":"settings/system/"}]}]}